feature,seq,left_flank,right_flank,marks,kind
META01,AGAAGCCGTGTGCCGGTCTA,,,,META
META02,ATCGTGCGGACGAGACAGCA,,,,META
META03,AATCCTAGCACCGGTTCGCC,,,,META
META04,ACGTGTTGCAGGTGCACTCG,,,,META
META05,ACACCACACGGCCTAGAGTC,,,,META
META06,TGGACAATCACGCGACCAGC,,,,META
META07,TCATCTAACGCGCACCGTGC,,,,META
META08,TTCGTCGGCTCTCTCGAACC,,,,META
META09,TGGTGGAGCGTGCAGACTCT,,,,META
META10,TATCTTCCTGCGCAGCGGAC,,,,META
META11,CTGACGTGTGAGGCGCTAGA,,,,META
META12,CCATCATCCAACCGGCTTCG,,,,META
META13,CACGAGAAGCCGTCCGCTTA,,,,META
META14,CGTACGTGCAACACTCCGCT,,,,META
META15,CTTGGTCAGGCGAGAAGCAC,,,,META
META16,GGCGTGATCAGTGCGTGGAT,,,,META
META17,GAGCGTTTGGTGACCGCCAT,,,,META
META18,GCCTGCGGTCCATTGACCTA,,,,META
META19,GTAAGCCACTCCAGCGTCAC,,,,META
RNF2,CATCTTAGTCATTACGACAGGTGTTCGTTG,CATCTTAGTCATTAC,GACAGGTGTTCGTTG,ACTGT|TAAGT|AGGAA|ATATA|TGAAC|TGGCA|TTGGA|GGAGT,EDITED_TARGET
HEK3,CAGACTGAGCACGACTTGGCAGAGGAAAGGAAGCCCTGCTTCCTCCAGA,CAGACTGAGCACG,ACTTGGCAGAGGAAAGGAAGCCCTGCTTCCTCCAGA,CTATC|CGATT|CTTGC|GGCGC|CAAAG|TTGAT|GAGAG|TAAAT,EDITED_TARGET
EMX1,GAGTCCGAGCAGAAGAACTTGGGCTCCCATCACATCAACCGGTGG,GAGTCCGAGCAGAAGAA,CTTGGGCTCCCATCACATCAACCGGTGG,TGTCC|ATTGT|TAGGG|GTACT|ATCGG|AAAGG|TTGAT|CGAAT,EDITED_TARGET
